STT;Tên thuốc;Quy cách đóng gói;Số lượng;Đơn giá trúng thầu;Mã thông báo mời thầu;Tên Chủ đầu tư;Số quyết định;Ngày ban hành quyết định;Thời hạn hiệu lực;Công ty trúng thầu;Link quyết định trúng thầu
1;Trosicam 15mg;Hộp 3 vỉ x 10 viên;600.000;7.791;IB0123456789; Bệnh viện Quân y 175;4927/QĐ-BV;13/10/2025;24 tháng;Công Ty TNHH Dược Phẩm Khánh Mai;
2;Reumoxican;Hộp 6 vỉ x 10 viên;124.500;7.690;IB0123456790;Sở Y tế TÂY NINH;1995/QĐ-SYT;24/12/2025;24 tháng;Công ty CP Việt Nga;
3;Pregabakern 25mg;Hộp 4 vỉ x 14 viên;10.000;6.800;IB0123456791;Bệnh viện Đa khoa Long An;120/BVĐKLA3965;13/01/2026;24 tháng;Công ty Cổ phần Dược Phẩm và Truyền Thông THT;
4;Goldridons;Hộp 1 chai 100ml;1.140;96.999;IB0123456792;Sở Y tế tỉnh Đồng Nai;139/QĐ-SYT;27/02/2025;24 tháng;Công Ty Tnhh Tm Dược Phẩm Khang Tín;
5;Anvo-Telmisartan HCTZ 80/12,5mg;Hộp 2 vỉ x 7 viên;750.360;13.524;IB0123456793;SYT TPHCM - BV Nhân dân Gia Định;711/QĐ-BVNDGĐ;27/02/2025;24 tháng;Công Ty Tnhh Tm Dược Phẩm Khang Tín;
7;Gourcuff-2,5;Hộp 10 vỉ x 10 viên;30.000;3.800;IB0123456794;TRUNG TÂM Y TẾ KHU VỰC PHAN THIẾT;17/QĐ-TTYT ;23/01/2026;24 tháng;CÔNG TY TNHH INAFO VIỆT NAM;
10;Monizol;Hộp 1 chai 60ml;800;62.000;IB0123456795;Sở Y tế tỉnh Đồng Nai;139/QĐ-SYT;27/02/2025;24 tháng;Công Ty Tnhh Tm Dược Phẩm Khang Tín;
11;Unafen;Hộp 1 chai 100ml;14.400;68.500;IB0123456796;Sở Y tế TÂY NINH;1995/QĐ-SYT;24/12/2025;24 tháng;Công ty CP Việt Nga;
12;IRBEZYD H 300/25;Hộp 3 vỉ x 10 viên;12.000;9.975;IB0123456797;SYT AN GIANG - BV TIM MẠCH;56/QĐ-BVTM;24/02/2025;24 tháng;Công ty TNHH DP Khải Bình;
13;GENTUSI;Hộp 2 vỉ x 5 viên;4.000;26.000;IB0123456798;SYT NINH BÌNH - BV SẢN NHI;154/QĐ-BVSN;18/02/2025;24 tháng;Công ty CP Dược phẩm Trang Liên;
14;Cefmetazol 2g;"Hộp 01 Lọ x 2g; Hộp 10 Lọ x 2g";2.000;157.435;IB0123456799;BỆNH VIỆN ĐA KHOA KHU VỰC PHÍA NAM;09 /QĐ-BVPN ;19/01/2026;24 tháng;CÔNG TY TNHH INAFO VIỆT NAM;
15;Cefoperazone 0,5g;Hộp 01 lọ, 10 lọ x 0,5g;6.200;31.700;IB0123456800;SYT Khánh Hòa;914/QĐ-SYT;19/01/2026;24 tháng;CÔNG TY TNHH INAFO VIỆT NAM;
16;AUROLIZA-H;Hộp 2 vỉ x 14 viên;9.000;2.300;IB0123456801;SYT Khánh Hòa;914/QĐ-SYT;19/01/2026;24 tháng;CÔNG TY TNHH INAFO VIỆT NAM;
17;Betagen 24;Hộp 03 vỉ  x 14 viên;96.307;2.373;IB0123456802;Trung tâm Dịch vụ tài chính tỉnh Đồng Tháp; 70 /QĐ-TTDVTC;30/12/2025;24 tháng;CÔNG TY TNHH INAFO VIỆT NAM;
19;Toduet;Hộp 3 vỉ x 10 viên;3.000;7.600;IB0123456803;SYT AN GIANG - BV TIM MẠCH;56/QĐ-BVTM;24/02/2025;24 tháng;Công ty TNHH DP Khải Bình;
20;Justone 30 Mg/5 ml;Hộp 1 chai x 50ml;2.000;29.967;IB0123456804;BỆNH VIỆN ĐA KHOA BÌNH PHÚ;46/QĐ-BVĐKBP;18/09/2025;24 tháng;Công Ty Tnhh Tm Dược Phẩm Khang Tín;
23;Sallet;Hộp 1 lọ 150ml;1.000;48.000;IB0123456805;SYT Khánh Hòa;914/QĐ-SYT;19/01/2026;24 tháng;CÔNG TY TNHH INAFO VIỆT NAM;
24;Midantin 400/57;Hộp 12 gói x 2,1g;19.084;3.822;IB0123456806;Sở Y tế tỉnh Đồng Nai;139/QĐ-SYT;27/02/2025;24 tháng;Công Ty Tnhh Tm Dược Phẩm Khang Tín;
25;Centocalcium vitamin D;Hộp 20 gói x 2,5g;80.000;4.730;IB0123456807;BV LÊ VĂN THỊNH - TPHCM;77/QĐ-BVLVT + IB2400435683;03/02/2025;24 tháng;CÔNG TY TNHH TM DƯỢC PHẨM KHANG TÍN;
26;Lubicid Suspension;Hộp 10 gói, 20 gói x 30 ml;10.000;8.700;IB0123456808;BỆNH VIỆN ĐA KHOA KHU VỰC PHÍA NAM;09 /QĐ-BVPN ;19/01/2026;24 tháng;CÔNG TY TNHH INAFO VIỆT NAM;
27;Pitamsol;Hộp 30 gói;2.000;14.000;IB0123456809;BINH CHỦNG ĐẶC CÔNG- CỤC HẬU CẦN- KỸ THUẬT;3261/QĐ-CHCKT;06/01/2025;24 tháng;CÔNG TY TNHH DP BA ĐÌNH;
28;Pitamsol;Hộp 30 gói;2.000;14.000;IB0123456810;BINH CHỦNG ĐẶC CÔNG- CỤC HẬU CẦN- KỸ THUẬT;3261/QĐ-CHCKT;06/01/2025;24 tháng;CÔNG TY TNHH DP BA ĐÌNH;
29;Famotidin 20mg/2ml;Hộp 10 ống x2ml Hộp 20 ống x2ml Hộp 50 ống x2ml;24.300;38.850;IB0123456811;Bệnh viện đa khoa Đồng Tháp;489/QĐ-BVĐT;30/08/2025;24 tháng;Công ty TNHH DP Khải Bình;
30;Noradrenalin 8mg/8ml;Hộp 2 vỉ x 5 ống x 8ml, hộp 10 vỉ x 5 ống x 8ml ;20.400;74.500;IB0123456812;Sở Y tế tỉnh Phú Thọ;KQ2400597773_2503141819;19/03/2025;24 tháng;CÔNG TY TNHH VIMED;
31;Noradrenalin 5mg/5ml;Hộp 2 vỉ x 5 ống x 5ml, hộp 10 vỉ x 5 ống x 5ml ;2.500;47.000;IB0123456813;Bệnh Viện Thống Nhất;164/QĐ-BVTN;28/01/2026;24 tháng;CÔNG TY TNHH INAFO VIỆT NAM;
32;Saihasin;Hộp 4 vỉ x 5 ống 5 ml;22.128;6.900;IB0123456814;Bệnh Viện Chợ Rẫy;7211/QĐ_BVCR;20/12/2024;24 tháng;CÔNG TY CỔ PHẦN DƯỢC PHẨM VẠN LỘC;
34;Ceretrop 10%;"Hộp 1 
chai 60ml";30.000;39.000;IB0123456815;"Bệnh viện Nhi Đồng 1
";3442/QĐ-BVNĐ1;16/12/2024;24 tháng;CÔNG TY TNHH DƯỢC PHẨM MEDVIE;
36;Zandyrine 10 mg;Hộp 3 vỉ x 10 viên;80.000;6.000;IB0123456816;Bệnh viện đa khoa Hà Đông;2152/QĐ-BV;25/10/2024;24 tháng;CÔNG TY CỔ PHẦN THƯƠNG MẠI Q&V VIỆT NAM;
37;Amburol 7.5;Hộp 01 chai x 70ml (chai nhựa HDPE);5.000;130.000;IB0123456817;BV NHI TRUNG ƯƠNG;4114/QĐ-BVNTW;18/12/2024;24 tháng;Công ty CP Nhi Khoa Việt;
38;CEFPIROM TFI 500 MG;Hộp 1 lọ, 10 lọ;200;52.000;IB0123456818;SYT Khánh Hòa;914/QĐ-SYT;19/01/2026;24 tháng;CÔNG TY TNHH INAFO VIỆT NAM;
39;Ecogaric 0,5 mmol/ml;Hộp 1 Lọ x 10 ml;200;510.000;IB0123456819;SYT Khánh Hòa;914/QĐ-SYT;19/01/2026;24 tháng;CÔNG TY TNHH INAFO VIỆT NAM;
40;Nereid;Hộp 1 chai 50ml;20;270.000;IB0123456820;SYT Khánh Hòa;914/QĐ-SYT;19/01/2026;24 tháng;CÔNG TY TNHH INAFO VIỆT NAM;
